model,mean,median,min,max
easyocr,-0.0822689345076429,-0.062479537607475,-2.770542618151395,1.8283281019224071
pytesseract,0.09089724743566512,0.11028729261321733,-3.515705864983682,2.9701798707026055
doctr,-0.13489598580783835,-0.10464781123026715,-3.1711046413216093,2.5119136909655975
